rank,source,width,height,selector,palette_bank,refs,selected_index,selected_rgb555,entries,override_index,notes,location,exempt,flatten
0,0x67680,128,112,0x00A0,0x05A0,545,3,0x3DEF,"{""0"":544,""1"":1}",,,,,
1,0x56B40,64,80,0x00B0,0x05B0,792,8,0x0926,"{""0"":739,""1"":47,""2"":6}",,,,,
2,0x60540,128,128,0x0110,0x0610,192,1,0x2440,"{""0"":180,""1"":12}",,,,,
3,0x5B340,128,56,0x0070,,365,8,0x0083,"{""0"":255,""1"":81,""2"":29}",,,,,
4,0x6B580,128,48,0x0090,,317,E,0x56F7,"{""0"":261,""1"":55,""2"":1}",,,,,
5,0x58D40,128,48,0x0080,0x0580,274,D,0x4294,"{""0"":243,""1"":31}",,,,,
6,0x59940,128,48,0x0080,0x0580,268,8,0x2DEF,"{""0"":229,""1"":37,""2"":2}",,,,,
7,0x57540,128,48,0x0080,0x0580,204,D,0x4294,"{""0"":185,""1"":19}",,,,,
8,0x5F140,128,80,0x0150,0x0650,110,1,0x0042,"{""0"":68,""1"":34,""2"":8}",,,,,
9,0x62700,64,24,0x00C0,0x05C0,705,7,0x112A,"{""0"":630,""1"":67,""2"":8}",,,,,
10,0x6D180,32,128,0x0070,,219,1,0x0021,"{""0"":109,""1"":109,""2"":1}",,,,,
11,0x6A380,64,64,0x00C0,,201,6,0x0D09,"{""0"":188,""1"":13}",,,,,
12,0x6AB80,128,40,0x0040,,152,9,0x00A3,"{""0"":127,""1"":24,""2"":1}",,,,,
13,0x477A0,32,24,0x00F0,0x05F0,737,3,0x0C63,"{""0"":627,""1"":103,""2"":7}",,,,,
14,0x72A20,128,28,0x0070,,151,4,0x0021,"{""1"":73,""2"":78}",,,,,
15,0x6C980,32,128,0x0070,,125,1,0x0021,"{""0"":62,""1"":62,""2"":1}",,,,,
16,0x79F20,128,64,0x0110,0x0610,60,1,0x2440,"{""1"":54,""2"":6}",,,,,
17,0x7CC60,128,24,0x0090,,154,F,0x5F39,"{""1"":103,""2"":51}",,,,,
18,0x58140,128,48,0x0160,0x0660,70,4,0x41E5,"{""0"":70}",,,,,
19,0x55B40,64,64,0x0100,0x0600,93,B,0x3A95,"{""0"":70,""1"":15,""2"":8}",,,,,
20,0x5CF40,128,64,0x0130,0x0630,43,1,0x2907,"{""0"":24,""1"":12,""2"":7}",,,,,
21,0x5DF40,96,96,0x0150,0x0650,36,4,0x1508,"{""0"":24,""1"":12}",,,,,
22,0x7DE60,128,40,0x00E0,0x05E0,60,C,0x2949,"{""2"":60}",,,,,
23,0x79520,128,40,0x00E0,0x05E0,59,9,0x1CE6,"{""1"":59}",,,,,
24,0x73120,128,40,0x00E0,0x05E0,58,C,0x2949,"{""1"":58}",,,,,
25,0x73B20,128,40,0x00E0,0x05E0,57,9,0x1CE6,"{""1"":57}",,,,,
26,0x74520,128,40,0x00E0,0x05E0,57,C,0x2949,"{""1"":57}",,,,,
27,0x66880,128,56,0x00E0,0x05E0,39,8,0x18C5,"{""0"":36,""1"":2,""2"":1}",,,,,
28,0x69F00,96,24,0x0000,,114,E,0x56B5,"{""0"":63,""1"":45,""2"":6}",,,,,
29,0x54F20,128,24,0x0030,0x0530,83,8,0x50C0,"{""0"":41,""1"":36,""2"":6}",,,,,
30,0x47920,32,32,0x00D0,,245,F,0x637B,"{""0"":245}",,,,,
31,0x48120,32,32,0x00D0,,245,5,0x40E5,"{""0"":245}",,,,,
32,0x54620,96,24,0x00F0,0x05F0,94,B,0x4E73,"{""0"":47,""1"":39,""2"":8}",,,,,
33,0x70C80,32,24,0x00F0,0x05F0,278,3,0x0C63,"{""1"":189,""2"":89}",,,,,
34,0x7C660,128,24,0x0040,,68,A,0x0082,"{""1"":48,""2"":20}",,,,,
35,0x71A20,80,24,0x0080,0x0580,105,8,0x2DEF,"{""1"":68,""2"":37}",,,,,
36,0x65700,96,40,0x0060,0x0560,48,E,0x000C,"{""0"":24,""1"":18,""2"":6}",,,,,
37,0x71660,80,24,0x0080,0x0580,95,D,0x4294,"{""1"":63,""2"":32}",,,,,
38,0x54AA0,96,24,0x0120,,78,5,0x6B5A,"{""0"":78}",,,,,
39,0x5A540,128,56,0x0140,0x0640,24,4,0x3DCE,"{""0"":12,""1"":6,""2"":6}",,,,,
40,0x5C140,128,56,0x0140,0x0640,24,4,0x3DCE,"{""0"":12,""1"":6,""2"":6}",,,,,
41,0x62A00,64,24,0x00F0,0x05F0,109,7,0x294A,"{""0"":96,""1"":8,""2"":5}",,,,,
42,0x69D00,64,16,0x00D0,0x05D0,141,5,0x40E5,"{""0"":6,""1"":93,""2"":42}",,,,,
43,0x52E20,128,16,0x00F0,0x05F0,70,E,0x6B5A,"{""0"":70}",,,,,
44,0x48320,64,24,0x0080,,88,1,0x1108,"{""0"":78,""1"":5,""2"":5}",,,,,
45,0x70F80,40,24,0x00B0,0x05B0,135,8,0x0926,"{""1"":94,""2"":41}",,,,,
46,0x725A0,96,24,0x0120,0x0620,54,5,0x6B5A,"{""1"":27,""2"":27}",,,,,
47,0x49620,128,16,0x00E0,0x05E0,60,E,0x318B,"{""0"":60}",,,,,
48,0x49A20,128,16,0x00E0,0x05E0,60,9,0x1CE6,"{""0"":60}",,,,,
49,0x49E20,128,16,0x00E0,0x05E0,60,B,0x2528,"{""0"":60}",,,,,
50,0x4A220,128,16,0x00E0,0x05E0,60,D,0x2D6A,"{""0"":60}",,,,,
51,0x4A620,128,16,0x00E0,0x05E0,60,E,0x318B,"{""0"":60}",,,,,
52,0x4BA20,128,16,0x00E0,0x05E0,60,E,0x318B,"{""0"":60}",,,,,
53,0x4E220,128,16,0x00E0,0x05E0,60,D,0x2D6A,"{""0"":60}",,,,,
54,0x4E620,128,16,0x00E0,0x05E0,60,9,0x1CE6,"{""0"":60}",,,,,
55,0x4EA20,128,16,0x00E0,0x05E0,60,9,0x1CE6,"{""0"":60}",,,,,
56,0x4EE20,128,16,0x00E0,0x05E0,60,C,0x2949,"{""0"":60}",,,,,
57,0x4F220,128,16,0x00E0,0x05E0,60,C,0x2949,"{""0"":60}",,,,,
58,0x50620,128,16,0x00E0,0x05E0,60,D,0x2D6A,"{""0"":60}",,,,,
59,0x48620,128,16,0x00E0,0x05E0,59,9,0x1CE6,"{""0"":59}",,,,,
60,0x49220,128,16,0x00E0,0x05E0,59,C,0x2949,"{""0"":59}",,,,,
61,0x4AA20,128,16,0x00E0,0x05E0,59,9,0x1CE6,"{""0"":59}",,,,,
62,0x4B220,128,16,0x00E0,0x05E0,59,A,0x2107,"{""0"":59}",,,,,
63,0x4BE20,128,16,0x00E0,0x05E0,59,D,0x2D6A,"{""0"":59}",,,,,
64,0x4C220,128,16,0x00E0,0x05E0,59,7,0x14A4,"{""0"":59}",,,,,
65,0x4C620,128,16,0x00E0,0x05E0,59,A,0x2107,"{""0"":59}",,,,,
66,0x4CA20,128,16,0x00E0,0x05E0,59,C,0x2949,"{""0"":59}",,,,,
67,0x4CE20,128,16,0x00E0,0x05E0,59,D,0x2D6A,"{""0"":59}",,,,,
68,0x4DA20,128,16,0x00E0,0x05E0,59,7,0x14A4,"{""0"":59}",,,,,
69,0x4DE20,128,16,0x00E0,0x05E0,59,D,0x2D6A,"{""0"":59}",,,,,
70,0x4F620,128,16,0x00E0,0x05E0,59,9,0x1CE6,"{""0"":59}",,,,,
71,0x4FE20,128,16,0x00E0,0x05E0,59,9,0x1CE6,"{""0"":59}",,,,,
72,0x50A20,128,16,0x00E0,0x05E0,59,D,0x2D6A,"{""0"":59}",,,,,
73,0x50E20,128,16,0x00E0,0x05E0,59,8,0x18C5,"{""0"":59}",,,,,
74,0x51220,128,16,0x00E0,0x05E0,59,9,0x1CE6,"{""0"":59}",,,,,
75,0x51620,128,16,0x00E0,0x05E0,59,D,0x2D6A,"{""0"":59}",,,,,
76,0x51A20,128,16,0x00E0,0x05E0,59,C,0x2949,"{""0"":59}",,,,,
77,0x52A20,128,16,0x00E0,0x05E0,59,C,0x2949,"{""0"":59}",,,,,
78,0x53220,128,16,0x00E0,0x05E0,59,D,0x2D6A,"{""0"":59}",,,,,
79,0x53620,128,16,0x00E0,0x05E0,59,A,0x2107,"{""0"":59}",,,,,
80,0x53A20,128,16,0x00E0,0x05E0,59,8,0x18C5,"{""0"":59}",,,,,
81,0x53E20,128,16,0x00E0,0x05E0,59,D,0x2D6A,"{""0"":59}",,,,,
82,0x54220,128,16,0x00E0,0x05E0,59,D,0x2D6A,"{""0"":59}",,,,,
83,0x7E9A0,32,64,0x0070,,59,C,0x0505,"{""2"":59}",,,,,
84,0x48A20,128,16,0x00E0,0x05E0,58,9,0x1CE6,"{""0"":58}",,,,,
85,0x4D220,128,16,0x00E0,0x05E0,58,7,0x14A4,"{""0"":58}",,,,,
86,0x51E20,128,16,0x00E0,0x05E0,58,8,0x18C5,"{""0"":58}",,,,,
87,0x52220,128,16,0x00E0,0x05E0,58,9,0x1CE6,"{""0"":58}",,,,,
88,0x71DE0,80,24,0x0080,0x0580,58,D,0x4294,"{""1"":38,""2"":20}",,,,,
89,0x7D660,64,64,0x0110,0x0610,27,6,0x30E4,"{""2"":27}",,,,,
90,0x56340,64,64,0x0130,0x0630,26,3,0x0484,"{""0"":10,""1"":8,""2"":8}",,,,,
91,0x55520,56,56,0x0140,,32,5,0x2907,"{""0"":18,""1"":10,""2"":4}",,,,,
92,0x47F20,32,32,0x0100,,90,F,0x4719,"{""0"":32,""1"":29,""2"":29}",,,,,
93,0x7AF20,32,16,0x00C0,0x05C0,178,7,0x112A,"{""1"":124,""2"":54}",,,,,
94,0x721A0,64,32,0x0160,0x0660,43,D,0x6B5A,"{""1"":35,""2"":8}",,,,,
95,0x65E80,80,64,0x0150,0x0650,15,5,0x1D4A,"{""0"":12,""1"":2,""2"":1}",,,,,
96,0x6EA80,128,48,0x0090,,12,A,0x3E31,"{""0"":6,""1"":6}",,,,,
97,0x6F680,96,40,0x0050,,18,4,0x02D5,"{""0"":6,""1"":6,""2"":6}",,,,,
98,0x71360,64,24,0x0080,0x0580,44,1,0x1108,"{""1"":22,""2"":22}",,,,,
99,0x70E00,32,24,0x00A0,0x05A0,79,3,0x3DEF,"{""1"":53,""2"":26}",,,,,
100,0x65000,56,64,0x0150,0x0650,16,4,0x1508,"{""0"":12,""1"":2,""2"":2}",,,,,
101,0x6E200,32,64,0x0100,,27,3,0x25AE,"{""0"":9,""1"":9,""2"":9}",,,,,
102,0x69280,24,32,0x0170,,64,7,0x2D28,"{""0"":32,""1"":16,""2"":16}",,,,,
103,0x7C420,48,24,0x00C0,,37,5,0x08E8,"{""1"":25,""2"":12}",,,,,
104,0x6C180,128,32,0x0010,,9,7,0x006B,"{""0"":3,""1"":3,""2"":3}",,,,,
105,0x6DE00,128,16,0x00E0,,18,7,0x14A4,"{""0"":12,""1"":6}",,,,,
106,0x64700,64,32,0x00F0,0x05F0,14,2,0x0842,"{""0"":8,""1"":4,""2"":2}",,,,,
107,0x70B80,32,16,0x00D0,,50,F,0x637B,"{""1"":49,""2"":1}",,,,,
108,0x6DA00,128,16,0x00E0,,12,A,0x2107,"{""0"":12}",,,,,
109,0x71160,64,16,0x00F0,0x05F0,23,7,0x294A,"{""1"":18,""2"":5}",,,,,
110,0x62580,24,32,0x0140,0x0640,30,8,0x396A,"{""0"":20,""1"":6,""2"":4}",,,,,
111,0x62D00,32,56,0x0130,0x0630,12,5,0x0CC6,"{""0"":6,""1"":3,""2"":3}",,,,,
112,0x63080,32,56,0x0130,0x0630,12,1,0x2907,"{""0"":6,""1"":3,""2"":3}",,,,,
113,0x63400,32,56,0x0130,0x0630,12,A,0x3610,"{""0"":6,""1"":3,""2"":3}",,,,,
114,0x63780,32,56,0x0130,0x0630,12,1,0x2907,"{""0"":6,""1"":3,""2"":3}",,,,,
115,0x476A0,64,8,0x0100,0x0600,41,F,0x4719,"{""0"":18,""1"":12,""2"":11}",,,,,
116,0x471E0,16,24,0x0100,,41,F,0x4719,"{""0"":15,""1"":13,""2"":13}",,,,,
117,0x47160,32,8,0x0130,0x0630,60,D,0x4AB5,"{""0"":36,""1"":12,""2"":12}",,,,,
118,0x6E600,96,24,0x00F0,,6,8,0x35AD,"{""0"":3,""1"":3}",,,,,
119,0x6FE00,96,24,0x0060,,6,6,0x5EF8,"{""0"":2,""1"":2,""2"":2}",,,,,
120,0x70280,96,24,0x00F0,,6,C,0x5AD6,"{""0"":2,""1"":2,""2"":2}",,,,,
121,0x70700,96,24,0x0030,,6,E,0x5EF6,"{""0"":2,""1"":2,""2"":2}",,,,,
122,0x69400,24,32,0x0170,,16,4,0x52B5,"{""0"":8,""1"":4,""2"":4}",,,,,
123,0x69580,24,32,0x0170,,16,4,0x52B5,"{""0"":8,""1"":4,""2"":4}",,,,,
124,0x69700,24,32,0x0170,,16,7,0x2D28,"{""0"":8,""1"":4,""2"":4}",,,,,
125,0x69880,24,32,0x0170,,16,7,0x2D28,"{""0"":8,""1"":4,""2"":4}",,,,,
126,0x69A00,24,32,0x0170,,16,7,0x2D28,"{""0"":8,""1"":4,""2"":4}",,,,,
127,0x69B80,24,32,0x0170,,16,8,0x3549,"{""0"":8,""1"":4,""2"":4}",,,,,
128,0x7D260,64,32,0x0150,0x0650,6,4,0x1508,"{""2"":6}",,,,,
129,0x64B00,64,40,0x00F0,,4,F,0x739C,"{""0"":4}",,,,,
130,0x47D20,128,8,0x00E0,,8,1,0x56D6,"{""0"":8}",,,,,
131,0x47140,8,8,0x0150,0x0650,97,4,0x1508,"{""0"":70,""1"":21,""2"":6}",,,,,
132,0x74F20,128,40,0x00E0,,1,9,0x1CE6,"{""1"":1}",,,,,
133,0x75920,128,40,0x00E0,,1,9,0x1CE6,"{""1"":1}",,,,,
134,0x76320,128,40,0x00E0,,1,9,0x1CE6,"{""1"":1}",,,,,
135,0x76D20,128,40,0x00E0,,1,C,0x2949,"{""1"":1}",,,,,
136,0x77720,128,40,0x00E0,,1,C,0x2949,"{""1"":1}",,,,,
137,0x78120,128,40,0x00E0,,1,C,0x2949,"{""1"":1}",,,,,
138,0x78B20,128,40,0x00E0,,1,C,0x2949,"{""1"":1}",,,,,
139,0x7B020,128,40,0x00E0,,1,9,0x1CE6,"{""1"":1}",,,,,
140,0x7BA20,128,40,0x00E0,,1,C,0x2949,"{""1"":1}",,,,,
141,0x6D980,16,16,0x00C0,,18,2,0x0085,"{""0"":12,""1"":6}",,,,,
142,0x472A0,16,32,0x0030,,8,6,0x48C0,"{""0"":8}",,,,,
143,0x473A0,16,32,0x0070,,8,C,0x0505,"{""0"":8}",,,,,
144,0x474A0,16,32,0x0010,,8,6,0x006A,"{""0"":8}",,,,,
145,0x475A0,16,32,0x00F0,,8,C,0x5AD6,"{""0"":8}",,,,,
146,0x47B20,32,32,0x0080,0x0580,4,5,0x218C,"{""0"":2,""1"":1,""2"":1}",,,,,
147,0x63F00,128,16,0x00E0,,2,1,0x56D6,"{""0"":2}",,,,,
148,0x64300,128,16,0x00E0,,2,1,0x56D6,"{""0"":2}",,,,,
149,0x48E20,128,16,0x00E0,,1,A,0x2107,"{""0"":1}",,,,,
150,0x4AE20,128,16,0x00E0,,1,9,0x1CE6,"{""0"":1}",,,,,
151,0x4B620,128,16,0x00E0,,1,A,0x2107,"{""0"":1}",,,,,
152,0x4D620,128,16,0x00E0,,1,7,0x14A4,"{""0"":1}",,,,,
153,0x4FA20,128,16,0x00E0,,1,9,0x1CE6,"{""0"":1}",,,,,
154,0x50220,128,16,0x00E0,,1,9,0x1CE6,"{""0"":1}",,,,,
155,0x52620,128,16,0x00E0,,1,9,0x1CE6,"{""0"":1}",,,,,
156,0x63B00,128,16,0x00E0,,1,8,0x18C5,"{""0"":1}",,,,,
157,0x47080,8,8,0x0030,,24,6,0x48C0,"{""0"":16,""1"":8}",,,,,
158,0x470A0,8,8,0x0070,,24,C,0x0505,"{""0"":16,""1"":8}",,,,,
159,0x470C0,8,8,0x0010,,24,6,0x006A,"{""0"":16,""1"":8}",,,,,
160,0x470E0,8,8,0x00F0,,24,C,0x5AD6,"{""0"":16,""1"":8}",,,,,
161,0x62540,8,8,0x00A0,0x05A0,12,C,0x04E4,"{""0"":8,""1"":2,""2"":2}",,,,,
162,0x7E960,8,8,0x0020,,9,3,0x08C8,"{""2"":9}",,,,,
163,0x47060,8,8,0x0070,,8,9,0x00A4,"{""0"":6,""1"":2}",,,,,
164,0x47000,8,8,0x00F0,0x05F0,6,5,0x18C6,"{""0"":4,""1"":1,""2"":1}",,,,,
165,0x47040,8,8,0x0030,,6,1,0x3880,"{""0"":4,""1"":2}",,,,,
166,0x47100,8,8,0x0010,,6,3,0x0048,"{""0"":4,""1"":2}",,,,,
167,0x47120,8,8,0x00F0,,6,7,0x294A,"{""0"":4,""1"":2}",,,,,
168,0x62560,8,8,0x00A0,,6,A,0x04A3,"{""0"":6}",,,,,
169,0x47020,8,8,0x00F0,,4,2,0x0842,"{""0"":4}",,,,,
170,0x7E8C0,8,8,0x0020,,4,5,0x0C63,"{""2"":4}",,,,,
171,0x7E8E0,8,8,0x0020,,4,2,0x4631,"{""2"":4}",,,,,
172,0x7EDC0,8,8,0x0020,,3,5,0x0C63,"{""2"":3}",,,,,
173,0x7E900,8,8,0x0020,,2,1,0x56B6,"{""2"":2}",,,,,
174,0x7E940,8,8,0x0020,,2,1,0x56B6,"{""2"":2}",,,,,
175,0x7EDA0,8,8,0x0020,,2,4,0x3CA1,"{""2"":2}",,,,,
176,0x7EDE0,8,8,0x0060,,2,1,0x0000,"{""2"":2}",,,,,
177,0x7EE20,8,8,0x0020,,2,C,0x04E4,"{""2"":2}",,,,,
178,0x7E860,8,8,0x0020,,1,1,0x56B6,"{""2"":1}",,,,,
179,0x7E880,8,8,0x0020,,1,3,0x08C8,"{""2"":1}",,,,,
180,0x7E8A0,8,8,0x0020,,1,1,0x56B6,"{""2"":1}",,,,,
181,0x7E920,8,8,0x0020,,1,4,0x3CA1,"{""2"":1}",,,,,
182,0x7E980,8,8,0x0020,,1,1,0x56B6,"{""2"":1}",,,,,
183,0x7EE00,8,8,0x0020,,1,4,0x3CA1,"{""2"":1}",,,,,
184,0x7EE40,8,8,0x0020,,1,7,0x0100,"{""2"":1}",,,,,
